-- MariaDB dump 10.19  Distrib 10.4.32-MariaDB, for Win64 (AMD64)
--
-- Host: localhost    Database: kampuss
-- ------------------------------------------------------
-- Server version	10.4.32-MariaDB

/*!40101 SET @OLD_CHARACTER_SET_CLIENT=@@CHARACTER_SET_CLIENT */;
/*!40101 SET @OLD_CHARACTER_SET_RESULTS=@@CHARACTER_SET_RESULTS */;
/*!40101 SET @OLD_COLLATION_CONNECTION=@@COLLATION_CONNECTION */;
/*!40101 SET NAMES utf8mb4 */;
/*!40103 SET @OLD_TIME_ZONE=@@TIME_ZONE */;
/*!40103 SET TIME_ZONE='+00:00' */;
/*!40014 SET @OLD_UNIQUE_CHECKS=@@UNIQUE_CHECKS, UNIQUE_CHECKS=0 */;
/*!40014 SET @OLD_FOREIGN_KEY_CHECKS=@@FOREIGN_KEY_CHECKS, FOREIGN_KEY_CHECKS=0 */;
/*!40101 SET @OLD_SQL_MODE=@@SQL_MODE, SQL_MODE='NO_AUTO_VALUE_ON_ZERO' */;
/*!40111 SET @OLD_SQL_NOTES=@@SQL_NOTES, SQL_NOTES=0 */;

--
-- Table structure for table `mahasiswa`
--

DROP TABLE IF EXISTS `mahasiswa`;
/*!40101 SET @saved_cs_client     = @@character_set_client */;
/*!40101 SET character_set_client = utf8 */;
CREATE TABLE `mahasiswa` (
  `NPM` varchar(10) NOT NULL,
  `Nama` varchar(100) NOT NULL,
  `Jurusan` varchar(50) NOT NULL,
  PRIMARY KEY (`NPM`)
) ENGINE=InnoDB DEFAULT CHARSET=utf8mb4 COLLATE=utf8mb4_general_ci;
/*!40101 SET character_set_client = @saved_cs_client */;

--
-- Dumping data for table `mahasiswa`
--

LOCK TABLES `mahasiswa` WRITE;
/*!40000 ALTER TABLE `mahasiswa` DISABLE KEYS */;
INSERT INTO `mahasiswa` VALUES ('2475731463','Nawang Riyana Putri','Teknologi Informasi'),('4241365768','Arra Dwi','Pendidikan IPA'),('7354333565','Fatimah Azzara','Teknologi Informasi');
/*!40000 ALTER TABLE `mahasiswa` ENABLE KEYS */;
UNLOCK TABLES;

--
-- Table structure for table `mata_kuliah`
--

DROP TABLE IF EXISTS `mata_kuliah`;
/*!40101 SET @saved_cs_client     = @@character_set_client */;
/*!40101 SET character_set_client = utf8 */;
CREATE TABLE `mata_kuliah` (
  `Kode_MK` varchar(10) NOT NULL,
  `Nama_MK` varchar(100) DEFAULT NULL,
  PRIMARY KEY (`Kode_MK`)
) ENGINE=InnoDB DEFAULT CHARSET=utf8mb4 COLLATE=utf8mb4_general_ci;
/*!40101 SET character_set_client = @saved_cs_client */;

--
-- Dumping data for table `mata_kuliah`
--

LOCK TABLES `mata_kuliah` WRITE;
/*!40000 ALTER TABLE `mata_kuliah` DISABLE KEYS */;
INSERT INTO `mata_kuliah` VALUES ('MK245','Bumi dan Antariksa'),('MK444','Praktikum Basis Data'),('MK483','Basis Data');
/*!40000 ALTER TABLE `mata_kuliah` ENABLE KEYS */;
UNLOCK TABLES;

--
-- Table structure for table `nilai`
--

DROP TABLE IF EXISTS `nilai`;
/*!40101 SET @saved_cs_client     = @@character_set_client */;
/*!40101 SET character_set_client = utf8 */;
CREATE TABLE `nilai` (
  `NPM` varchar(10) NOT NULL,
  `Kode_MK` varchar(10) NOT NULL,
  `nilai` int(11) DEFAULT NULL,
  PRIMARY KEY (`NPM`,`Kode_MK`),
  KEY `Kode_MK` (`Kode_MK`),
  CONSTRAINT `nilai_ibfk_1` FOREIGN KEY (`NPM`) REFERENCES `mahasiswa` (`NPM`),
  CONSTRAINT `nilai_ibfk_2` FOREIGN KEY (`Kode_MK`) REFERENCES `mata_kuliah` (`Kode_MK`)
) ENGINE=InnoDB DEFAULT CHARSET=utf8mb4 COLLATE=utf8mb4_general_ci;
/*!40101 SET character_set_client = @saved_cs_client */;

--
-- Dumping data for table `nilai`
--

LOCK TABLES `nilai` WRITE;
/*!40000 ALTER TABLE `nilai` DISABLE KEYS */;
INSERT INTO `nilai` VALUES ('2475731463','MK444',85),('2475731463','MK483',90),('4241365768','MK245',88),('7354333565','MK444',84),('7354333565','MK483',88);
/*!40000 ALTER TABLE `nilai` ENABLE KEYS */;
UNLOCK TABLES;
/*!40103 SET TIME_ZONE=@OLD_TIME_ZONE */;

/*!40101 SET SQL_MODE=@OLD_SQL_MODE */;
/*!40014 SET FOREIGN_KEY_CHECKS=@OLD_FOREIGN_KEY_CHECKS */;
/*!40014 SET UNIQUE_CHECKS=@OLD_UNIQUE_CHECKS */;
/*!40101 SET CHARACTER_SET_CLIENT=@OLD_CHARACTER_SET_CLIENT */;
/*!40101 SET CHARACTER_SET_RESULTS=@OLD_CHARACTER_SET_RESULTS */;
/*!40101 SET COLLATION_CONNECTION=@OLD_COLLATION_CONNECTION */;
/*!40111 SET SQL_NOTES=@OLD_SQL_NOTES */;

-- Dump completed on 2025-03-12 19:51:20
